<?xml version="1.0" encoding="UTF-8"?>

<teacher name="Juan Diego" surname="Pérez">
  <subject name="MarkUpLanguages">
    <student name="Roberto" surname="Hayden" rate="4"></student>
    <student name="Palmerín" surname="Erderbeti" rate="4"></student>
    <student name="Domo" surname="Arigato" rate="4"></student>
    <student name="Imnogai" surname="Butuentidolarsrtuentidolars" rate="4"></student>
    <student name="Kdise" surname="Bise" rate="3"></student>
    <student name="Paco" surname="Brasilia" rate="5"></student>
    <student name="Luis" surname="Frituras" rate="8"></student>
    <student name="Santiago" surname="Abascal" rate="10"></student>
    <student name="Charmander" surname="Acaballo" rate="2"></student>
    <student name="Luis" surname="Jurado" rate="7"></student>
 </subject>
  <subject name="DatabaseSystemManagment">
    <student name="Federico" surname="Nicho" rate="4"></student>
    <student name="Renardo" surname="Descartes" rate="6"></student>
    <student name="Carlos" surname="Marxo" rate="9"></student>
    <student name="Marco" surname="Pole" rate="8"></student>
    <student name="Alberto" surname="Naranjito" rate="6"></student>
    <student name="Roberto" surname="Hayden" rate="3"></student>
      <student name="Palmerín" surname="Erderbeti" rate="8"></student>
    <student name="Domo" surname="Arigato" rate="5"></student>
    <student name="Imnogai" surname="Butuentidolasrtuentidolas" rate="5"></student>
    <student name="Kdise" surname="Bise" rate="5"></student>
  </subject>
</teacher>
