<?xml version="1.0" encoding="UTF-8"?>

<route id="05" name="Santa Aurelia-Puerta Triana" time="45min" >
  <schedule begin="7:15" finish="23:45" Frequency="15min" ></schedule>
  <stop  number="001" name="Parque Amate" address="Carlos Marx Street"></stop>
  <stop  number="002" name="Gran plaza" address="Gran plaza Square"></stop>
  <stop  number="003" name="Nervion" address="Luis Montoto Street"></stop>
  <stop  number="004" name="Juzgados" address="Prado de San Sebastian"></stop>
  <stop  number="005" name="Puerta Jerez" address="Delicias Bridge"></stop>
  <stop  number="006" name="Triana" address="Lopez de Gomara street"></stop>
  <stop  number="006" name="Torre Pelli" address="Ronda de triana Street"></stop>
</route>
