<?xml version="1.0" encoding="UTF-8"?>
<cookbook name="El libro de cocina del autoestopista galactico">
<recipe name="Estofado vogon" kcal="200" n="1">
  <ingredientes>
    200g de carne de vogon
    50g de especias autolimpiantes encefalograficas de Betelegueuse
    1l de agua carbonatada
    1 Toalla
  </ingredientes>
  <steps>
    Hierve la carne de vogón hasta que se ponga azul y deje de cantar
    Limpia las pompas de Acido Sulfurico con la toalla
    Presenta y añade las especias sobre un sombrero con una mandarina dentro
  </steps>
</recipe>
<recipe name="Patatas terraneas" kcal="250" n="2">
  <ingredientes>
    Polvo de estrellas saturninas
    Vino de misa
    Patatas levemente(no) pasadas
  </ingredientes>
  <steps>
  Frie las patatas
  Deja marinar en el vino durante dos horas
  Presenta
  El polvo de estrellas no es necesario, era una chanza
  </steps>
</recipe>
</cookbook>
